Andaman and Nicobar Islands (UT),Port Blair,Chakraborty Hospital,https://www.medindia.net/directories/hospitals/chakraborty-hospital-port-blair-andaman-and-nicobar-islands-59974.htm,Address:
Andaman Nirman,
Port Blair - 744103
Andaman And Nicobar Islands,N/A,N/A,N/A,N/A,N/A
Andaman and Nicobar Islands (UT),Port Blair,Dr.Agarwal's Eye Hospital,https://www.medindia.net/directories/hospitals/dragarwals-eye-hospital-port-blair-andaman-and-nicobar-islands-49586.htm,Address:
No. 32/4 Rgt Road Rgt Road Near By Gandhi Park,
Port Blair - 744106
Andaman And Nicobar Islands,N/A,N/A,N/A,N/A,N/A
Andaman and Nicobar Islands (UT),Port Blair,Chakraborty Hospital,https://www.medindia.net/directories/hospitals/chakraborty-hospital-port-blair-andaman-and-nicobar-islands-59974.htm,Address:
Andaman Nirman,
Port Blair - 744103
Andaman And Nicobar Islands,9932084868, 9932084869,chakrabortyhospital@gmail.com,N/A,N/A,N/A
Andaman and Nicobar Islands (UT),Port Blair,Dr.Agarwal's Eye Hospital,https://www.medindia.net/directories/hospitals/dragarwals-eye-hospital-port-blair-andaman-and-nicobar-islands-49586.htm,N/A,N/A,N/A,N/A,N/A,N/A
Andaman and Nicobar Islands (UT),Port Blair,Chakraborty Hospital,https://www.medindia.net/directories/hospitals/chakraborty-hospital-port-blair-andaman-and-nicobar-islands-59974.htm,Address:
Andaman Nirman,
Port Blair - 744103
Andaman And Nicobar Islands,9932084868, 9932084869,chakrabortyhospital@gmail.com,N/A,N/A,N/A
Andaman and Nicobar Islands (UT),Port Blair,Dr.Agarwal's Eye Hospital,https://www.medindia.net/directories/hospitals/dragarwals-eye-hospital-port-blair-andaman-and-nicobar-islands-49586.htm,N/A,N/A,N/A,N/A,N/A,N/A
